{"all_perf": [0.0, 0.0, 0.0, 0.0], "all_cost": [2.3268702030181885, 16.480360746383667, 28.983008861541748, 41.467366218566895], "80": [0.0], "58": [0.0, 0.0, 0.0]}