{"hp": [80, 58, 58, 58], "scores": [0.0, 0.0, 0.0, 0.0], "curve": [0.0, 0.0, 0.0, 0.0], "epochs": [1, 1, 2, 3], "overhead": [0.2855558395385742, 10.419216394424438, 10.147888898849487, 10.149855375289917]}